@Jerukpanassatu seneng balik ama abang gojek,seneng balik ama abang gojek,seneng balik ama abang gojek,"['seneng', 'pulang', 'sama', 'abang', 'gojek']","['seneng', 'pulang', 'gojek']",neng pulang gojek
@sbyfess Gojek nder banyakkk ko,Gojek nder banyakkk ko,gojek nder banyakkk ko,"['gojek', 'nder', 'banyakkk', 'ko']","['gojek', 'banyakkk', 'ko']",gojek banyakkk ko
@yuipetals Prov Tsel &amp; IsatWhatsapp- Non Gar : 5.000- Gar : 8.000Tele- Non Gar : 2.000- Gar : 3.000Disney : 3.000/3x otpShopee Gojek Line : 2.000Payment all E-Wallet + Qris bisa dm atau langsung chat ke https://t.co/zuvg52ik4Qhttps://t.co/6EHXz3nAoo,Prov Tsel amp IsatWhatsapp Non Gar   Gar  Tele Non Gar   Gar  Disney    otpShopee Gojek Line  Payment all  Wallet Qris bisa dm atau langsung chat ke,prov tsel amp isatwhatsapp non gar   gar  tele non gar   gar  disney    otpshopee gojek line  payment all  wallet qris bisa dm atau langsung chat ke,"['prov', 'tsel', 'amp', 'isatwhatsapp', 'non', 'gar', 'gar', 'telegram', 'non', 'gar', 'gar', 'disney', 'otpshopee', 'gojek', 'line', 'pembayaran', 'semua', 'wallet', 'qris', 'bisa', 'direct', 'message', 'atau', 'langsung', 'chat', 'ke']","['prov', 'tsel', 'amp', 'isatwhatsapp', 'non', 'gar', 'gar', 'telegram', 'non', 'gar', 'gar', 'disney', 'otpshopee', 'gojek', 'line', 'pembayaran', 'wallet', 'qris', 'direct', 'message', 'langsung', 'chat']",prov tsel amp isatwhatsapp non gar gar telegram non gar gar disney otpshopee gojek line bayar wallet qris direct message langsung chat
@sbyfess Gojek ae nder lebih aman,Gojek ae nder lebih aman,gojek ae nder lebih aman,"['gojek', 'ae', 'nder', 'lebih', 'aman']","['gojek', 'aman']",gojek aman
balik kerja naik kereta turun di rawa buntu terus kerumah naik gojek.*percakapan basa basi drivernya*ğŸ‘¨ğŸ» : abis naik kereta tadi dek? ğŸ‘¦ğŸ» : i i iya pak,balik kerja naik kereta turun di rawa buntu terus kerumah naik gojek percakapan basa basi drivernya abis naik kereta tadi dek   iya pak,balik kerja naik kereta turun di rawa buntu terus kerumah naik gojek percakapan basa basi drivernya abis naik kereta tadi dek   iya pak,"['pulang', 'kerja', 'naik', 'kereta', 'turun', 'di', 'rawa', 'buntu', 'terus', 'rumah', 'naik', 'gojek', 'percakapan', 'basa', 'basi', 'drivernya', 'habis', 'naik', 'kereta', 'tadi', 'dek', 'iya', 'pak']","['pulang', 'kerja', 'kereta', 'turun', 'rawa', 'buntu', 'rumah', 'gojek', 'percakapan', 'basa', 'basi', 'drivernya', 'habis', 'kereta', 'dek', 'iya']",pulang kerja kereta turun rawa buntu rumah gojek cakap basa basi drivernya habis kereta dek iya
@sbyfess Lak mending gojek nder drpd njaluk terno stranger teko kene rawan,Lak mending gojek nder drpd njaluk terno stranger teko kene rawan,lak mending gojek nder drpd njaluk terno stranger teko kene rawan,"['lak', 'mending', 'gojek', 'nder', 'drpd', 'njaluk', 'terno', 'stranger', 'tiba', 'kene', 'rawan']","['lak', 'mending', 'gojek', 'drpd', 'njaluk', 'terno', 'stranger', 'kene', 'rawan']",lak mending gojek drpd njaluk terno stranger kene rawan
@bjlkwt @CNNIndonesia Om yg naek itu harga Pertamax ngikutin pasar global itu BBM konsumsi menengah keatas klo sekelas Gojek mah Pertalite aja udah manteb tp klo mau ngerawat motot yah akan dipaksain pertamax.Kismin aje berlagak lo Om. ğŸ˜‚,Om yg naek itu harga Pertamax ngikutin pasar global itu BBM konsumsi menengah keatas klo sekelas Gojek mah Pertalite aja udah manteb tp klo mau ngerawat motot yah akan dipaksain pertamax Kismin aje berlagak lo Om,om yg naek itu harga pertamax ngikutin pasar global itu bbm konsumsi menengah keatas klo sekelas gojek mah pertalite aja udah manteb tp klo mau ngerawat motot yah akan dipaksain pertamax kismin aje berlagak lo om,"['om', 'yang', 'naik', 'itu', 'harga', 'pertamax', 'ngikutin', 'pasar', 'global', 'itu', 'bbm', 'konsumsi', 'menengah', 'keatas', 'kalau', 'sekelas', 'gojek', 'mah', 'pertalite', 'aja', 'sudah', 'manteb', 'tapi', 'kalau', 'mau', 'ngerawat', 'motot', 'yah', 'akan', 'dipaksain', 'pertamax', 'kismin', 'aje', 'berlagak', 'kamu', 'om']","['om', 'harga', 'pertamax', 'ngikutin', 'pasar', 'global', 'bbm', 'konsumsi', 'menengah', 'keatas', 'sekelas', 'gojek', 'pertalite', 'manteb', 'ngerawat', 'motot', 'dipaksain', 'pertamax', 'kismin', 'berlagak', 'om']",om harga pertamax ngikutin pasar global bbm konsumsi tengah atas kelas gojek pertalite manteb ngerawat motot dipaksain pertamax kismin lagak om
gara gara trending Intelsaya mau narik Gojek malah takut disangka Intel,gara gara trending Intelsaya mau narik Gojek malah takut disangka Intel,gara gara trending intelsaya mau narik gojek malah takut disangka intel,"['gara', 'gara', 'trending', 'intelsaya', 'mau', 'narik', 'gojek', 'malah', 'takut', 'disangka', 'intel']","['gara', 'gara', 'trending', 'intelsaya', 'narik', 'gojek', 'takut', 'disangka', 'intel']",gara gara trending intelsaya narik gojek takut sangka intel
@sbyfess Jgn nyari disini mbak rawan mending gojek atau apa gitu,Jgn nyari disini mbak rawan mending gojek atau apa gitu,jgn nyari disini mbak rawan mending gojek atau apa gitu,"['jgn', 'nyari', 'disini', 'mbak', 'rawan', 'mending', 'gojek', 'atau', 'apa', 'gitu']","['jgn', 'nyari', 'mbak', 'rawan', 'mending', 'gojek', 'gitu']",jgn nyari mbak rawan mending gojek gitu
@zhuchenle Prov Tsel &amp; IsatWhatsapp- Non Gar : 5.000- Gar : 8.000Tele- Non Gar : 2.000- Gar : 3.000Disney : 3.000/3x otpShopee Gojek Line : 2.000Payment all E-Wallet + Qris bisa dm atau langsung chat ke https://t.co/zuvg52ik4Qhttps://t.co/6EHXz3nAoo,Prov Tsel amp IsatWhatsapp Non Gar   Gar  Tele Non Gar   Gar  Disney    otpShopee Gojek Line  Payment all  Wallet Qris bisa dm atau langsung chat ke,prov tsel amp isatwhatsapp non gar   gar  tele non gar   gar  disney    otpshopee gojek line  payment all  wallet qris bisa dm atau langsung chat ke,"['prov', 'tsel', 'amp', 'isatwhatsapp', 'non', 'gar', 'gar', 'telegram', 'non', 'gar', 'gar', 'disney', 'otpshopee', 'gojek', 'line', 'pembayaran', 'semua', 'wallet', 'qris', 'bisa', 'direct', 'message', 'atau', 'langsung', 'chat', 'ke']","['prov', 'tsel', 'amp', 'isatwhatsapp', 'non', 'gar', 'gar', 'telegram', 'non', 'gar', 'gar', 'disney', 'otpshopee', 'gojek', 'line', 'pembayaran', 'wallet', 'qris', 'direct', 'message', 'langsung', 'chat']",prov tsel amp isatwhatsapp non gar gar telegram non gar gar disney otpshopee gojek line bayar wallet qris direct message langsung chat
Hidup berjalan kalo cape GOJEK aja.,Hidup berjalan kalo cape GOJEK aja,hidup berjalan kalo cape gojek aja,"['hidup', 'jalan', 'kalau', 'lelah', 'gojek', 'aja']","['hidup', 'jalan', 'lelah', 'gojek']",hidup jalan lelah gojek
@txtdaribdg_ @annisarrhkn Wah anjir inget jaman awal2 gojek masuk term leuwi panjang ğŸ˜­ gw baru turun bus sambil megangin hp aja langsung di pelototin sama opang padahal ga niat mesen gojek samsek. Begitu naik ke damri atau angkot tujuan kb kalapa baru deh bengeutna nyalse ğŸ˜,Wah anjir inget jaman awal gojek masuk term leuwi panjang gw baru turun bus sambil megangin hp aja langsung di pelototin sama opang padahal ga niat mesen gojek samsek Begitu naik ke damri atau angkot tujuan kb kalapa baru deh bengeutna nyalse,wah anjir inget jaman awal gojek masuk term leuwi panjang gw baru turun bus sambil megangin hp aja langsung di pelototin sama opang padahal ga niat mesen gojek samsek begitu naik ke damri atau angkot tujuan kb kalapa baru deh bengeutna nyalse,"['wah', 'anjir', 'inget', 'jaman', 'awal', 'gojek', 'masuk', 'term', 'leuwi', 'panjang', 'saya', 'baru', 'turun', 'bus', 'sambil', 'megangin', 'handphone', 'aja', 'langsung', 'di', 'pelototin', 'sama', 'opang', 'padahal', 'tidak', 'niat', 'pesan', 'gojek', 'samsek', 'begitu', 'naik', 'ke', 'damri', 'atau', 'angkot', 'tujuan', 'kb', 'kalapa', 'baru', 'deh', 'bengeutna', 'nyalse']","['anjir', 'inget', 'jaman', 'gojek', 'masuk', 'term', 'leuwi', 'turun', 'bus', 'megangin', 'handphone', 'langsung', 'pelototin', 'opang', 'niat', 'pesan', 'gojek', 'samsek', 'damri', 'angkot', 'tujuan', 'kb', 'kalapa', 'deh', 'bengeutna', 'nyalse']",anjir inget jaman gojek masuk term leuwi turun bus megangin handphone langsung pelototin opang niat pesan gojek samsek damri angkot tuju kb kalapa deh bengeutna nyalse
/kle disini ada yg berprofesi sbg driver atau temennya kerja di grab/gojek? Kira2 bisa ditanya2 gak buat langganan tiap hari jadi ojek carter? Terima gaji  ğŸ™ğŸ»,kle disini ada yg berprofesi sbg driver atau temennya kerja di grab gojek Kira bisa ditanya gak buat langganan tiap hari jadi ojek carter Terima gaji,kle disini ada yg berprofesi sbg driver atau temennya kerja di grab gojek kira bisa ditanya gak buat langganan tiap hari jadi ojek carter terima gaji,"['kle', 'disini', 'ada', 'yang', 'berprofesi', 'sbg', 'driver', 'atau', 'teman', 'kerja', 'di', 'grab', 'gojek', 'kira', 'bisa', 'tanya', 'tidak', 'buat', 'langganan', 'tiap', 'hari', 'jadi', 'ojek', 'carter', 'terima', 'gaji']","['kle', 'berprofesi', 'sbg', 'driver', 'teman', 'kerja', 'grab', 'gojek', 'langganan', 'ojek', 'carter', 'terima', 'gaji']",kle profesi sbg driver teman kerja grab gojek langgan ojek carter terima gaji
@sbyfess gojek ae insya allah lebih aman tak dungakno tekan kene nder ati2,gojek ae insya allah lebih aman tak dungakno tekan kene nder ati,gojek ae insya allah lebih aman tak dungakno tekan kene nder ati,"['gojek', 'ae', 'insya', 'allah', 'lebih', 'aman', 'tak', 'dungakno', 'tiba', 'kene', 'nder', 'ati']","['gojek', 'insya', 'allah', 'aman', 'dungakno', 'kene', 'ati']",gojek insya allah aman dungakno kene ati
@sbyfess lapo gak gojek?,lapo gak gojek,lapo gak gojek,"['lapo', 'tidak', 'gojek']","['lapo', 'gojek']",lapo gojek
@sbyfess Jgn lupakan gojek/grab mereka standby 24jam kokğŸ¥²,Jgn lupakan gojek grab mereka standby jam kok,jgn lupakan gojek grab mereka standby jam kok,"['jgn', 'lupakan', 'gojek', 'grab', 'mereka', 'standby', 'jam', 'kok']","['jgn', 'lupakan', 'gojek', 'grab', 'standby', 'jam']",jgn lupa gojek grab standby jam
@sbyfess gojek,gojek,gojek,['gojek'],['gojek'],gojek
Udah muak banget wkwkwk. Last week pake Smartfren ini deh ya nomor m bankinggojek grab dana ovo shopee gue alihin semua deh ke kartu lain foto ga kebuka yutub ga kebuka. Bye @smartfrencare sinarmas uangnya kalo bole saran utk perbaikin  perusahaan lu dulu deh,Udah muak banget wkwkwk Last week pake Smartfren ini deh ya nomor  banking gojek grab dana ovo shopee gue alihin semua deh ke kartu lain foto ga kebuka yutub ga kebuka Bye sinarmas uangnya kalo bole saran utk perbaikin perusahaan lu dulu deh,udah muak banget wkwkwk last week pake smartfren ini deh ya nomor  banking gojek grab dana ovo shopee gue alihin semua deh ke kartu lain foto ga kebuka yutub ga kebuka bye sinarmas uangnya kalo bole saran utk perbaikin perusahaan lu dulu deh,"['sudah', 'muak', 'banget', 'wkwkwk', 'last', 'week', 'pakai', 'smartfren', 'ini', 'deh', 'iya', 'nomor', 'banking', 'gojek', 'grab', 'dana', 'ovo', 'shopee', 'saya', 'alihin', 'semua', 'deh', 'ke', 'kartu', 'lain', 'foto', 'tidak', 'kebuka', 'yutub', 'tidak', 'kebuka', 'bye', 'sinarmas', 'uang', 'kalau', 'bole', 'saran', 'untuk', 'perbaikin', 'perusahaan', 'kamu', 'dulu', 'deh']","['muak', 'banget', 'last', 'week', 'pakai', 'smartfren', 'deh', 'iya', 'nomor', 'banking', 'gojek', 'grab', 'dana', 'ovo', 'shopee', 'alihin', 'deh', 'kartu', 'foto', 'kebuka', 'yutub', 'kebuka', 'bye', 'sinarmas', 'uang', 'bole', 'saran', 'perbaikin', 'perusahaan', 'deh']",muak banget last week pakai smartfren deh iya nomor banking gojek grab dana ovo shopee alihin deh kartu foto buka yutub buka bye sinarmas uang bole saran perbaikin usaha deh
untuk pertama kalinya beli Soto Betawi di Tong Tji Tea House dateng dateng gak ada dagingnya. bener bener isinya cuma tomat &amp; kentang. sayangnya beli pake gojek gak bisa komplain. nomor telpon di google pun gak tersedia. such a disappointing momentğŸ˜,untuk pertama kalinya beli Soto Betawi di Tong Tji Tea House dateng dateng gak ada dagingnya bener bener isinya cuma tomat amp kentang sayangnya beli pake gojek gak bisa komplain nomor telpon di google pun gak tersedia such  disappointing moment,untuk pertama kalinya beli soto betawi di tong tji tea house dateng dateng gak ada dagingnya bener bener isinya cuma tomat amp kentang sayangnya beli pake gojek gak bisa komplain nomor telpon di google pun gak tersedia such  disappointing moment,"['untuk', 'pertama', 'kalinya', 'beli', 'soto', 'betawi', 'di', 'tong', 'tji', 'tea', 'house', 'datang', 'datang', 'tidak', 'ada', 'dagingnya', 'benar', 'benar', 'isinya', 'cuma', 'tomat', 'amp', 'kentang', 'sayangnya', 'beli', 'pakai', 'gojek', 'tidak', 'bisa', 'komplain', 'nomor', 'telepon', 'di', 'google', 'pun', 'tidak', 'tersedia', 'such', 'disappointing', 'moment']","['kalinya', 'beli', 'soto', 'betawi', 'tong', 'tji', 'tea', 'house', 'dagingnya', 'isinya', 'tomat', 'amp', 'kentang', 'sayangnya', 'beli', 'pakai', 'gojek', 'komplain', 'nomor', 'telepon', 'google', 'tersedia', 'such', 'disappointing', 'moment']",kali beli soto betawi tong tji tea house daging isi tomat amp kentang sayang beli pakai gojek komplain nomor telepon google sedia such disappointing moment
@BanyuSadewa Intel dongğŸ¤£ kalau deket rumah w sih kang gojek katanya sering pura2 anter go food ke sekitaran rumah yg diincer,Intel dong kalau deket rumah  sih kang gojek katanya sering pura anter go food ke sekitaran rumah yg diincer,intel dong kalau deket rumah  sih kang gojek katanya sering pura anter go food ke sekitaran rumah yg diincer,"['intel', 'dong', 'kalau', 'dekat', 'rumah', 'sih', 'abang', 'gojek', 'katanya', 'sering', 'pura', 'antar', 'go', 'food', 'ke', 'sekitaran', 'rumah', 'yang', 'diincer']","['intel', 'rumah', 'gojek', 'pura', 'go', 'food', 'sekitaran', 'rumah', 'diincer']",intel rumah gojek pura go food sekitar rumah diincer
